date,lowest,median
2022-04-18,101.78,0.0
2022-04-19,102.67,0.0
2022-04-20,104.93,0.0
2022-04-21,102.76,0.0
2022-04-22,104.76,0.0
2022-04-23,106.96,0.0
2022-04-24,105.05,0.0
2022-04-25,105.38,0.0
2022-04-26,106.06,0.0
2022-04-27,107.90,0.0
2022-04-28,108.48,0.0
2022-04-29,108.49,0.0
2022-04-30,108.51,0.0
2022-05-01,110.77,0.0
2022-05-02,108.33,0.0
2022-05-03,111.48,0.0
2022-05-04,108.34,0.0
2022-05-05,104.50,0.0
2022-05-06,103.97,0.0
2022-05-07,107.94,0.0
2022-05-08,106.50,0.0
2022-05-09,105.92,0.0
2022-05-10,104.37,0.0
2022-05-11,103.90,0.0
2022-05-12,103.37,0.0
2022-05-13,105.50,0.0
2022-05-14,105.64,0.0
2022-05-15,104.66,0.0
2022-05-16,109.20,0.0
2022-05-17,108.95,0.0
2022-05-18,108.05,0.0
2022-05-19,107.75,0.0
2022-05-20,106.38,0.0
2022-05-21,107.00,0.0
2022-05-22,107.56,0.0
2022-05-23,107.89,0.0
2022-05-24,108.17,0.0
2022-05-25,108.64,0.0
2022-05-26,109.40,0.0
2022-05-27,101.36,0.0
2022-05-28,110.90,0.0
2022-05-29,110.38,0.0
2022-05-30,111.90,0.0
2022-05-31,109.90,0.0
2022-06-01,104.55,0.0
2022-06-02,106.84,0.0
2022-06-03,108.80,0.0
2022-06-04,106.70,0.0
2022-06-05,108.10,0.0
2022-06-06,103.91,0.0
2022-06-07,104.52,0.0
2022-06-08,106.04,0.0
2022-06-09,102.32,0.0
2022-06-10,105.09,0.0
2022-06-11,102.34,0.0
2022-06-12,100.98,0.0
2022-06-13,103.59,0.0
2022-06-14,103.50,0.0
2022-06-15,105.14,0.0
2022-06-16,101.68,0.0
2022-06-17,98.43,0.0
2022-06-18,101.93,0.0
2022-06-19,97.88,0.0
2022-06-20,98.13,0.0
2022-06-21,93.26,0.0
2022-06-22,92.56,0.0
2022-06-23,93.91,0.0
2022-06-24,92.21,0.0
2022-06-25,89.28,0.0
2022-06-26,94.84,0.0
2022-06-27,92.49,0.0
2022-06-28,88.59,0.0
2022-06-29,88.61,0.0
2022-06-30,93.94,0.0
2022-07-01,95.45,0.0
2022-07-02,97.86,0.0
2022-07-03,102.16,0.0
2022-07-04,100.20,0.0
2022-07-05,102.30,0.0
2022-07-06,100.37,0.0
2022-07-07,103.74,0.0
2022-07-08,105.07,0.0
2022-07-09,105.55,0.0
2022-07-10,109.71,0.0
2022-07-11,106.38,0.0
2022-07-12,110.26,0.0
2022-07-13,109.24,0.0
2022-07-14,113.05,0.0
2022-07-15,113.70,0.0
2022-07-16,114.46,0.0
2022-07-17,110.88,0.0
2022-07-18,115.86,0.0
2022-07-19,115.18,0.0
2022-07-20,114.71,0.0
2022-07-21,115.08,0.0
2022-07-22,113.49,0.0
2022-07-23,115.16,0.0
2022-07-24,116.31,0.0
2022-07-25,118.20,0.0
2022-07-26,119.06,0.0
2022-07-27,120.54,0.0
2022-07-28,124.16,0.0
2022-07-29,125.11,0.0
2022-07-30,126.07,0.0
2022-07-31,128.89,0.0
2022-08-01,127.93,0.0
2022-08-02,127.90,0.0
2022-08-03,127.71,0.0
2022-08-04,126.40,0.0
2022-08-05,126.15,0.0
2022-08-06,126.74,0.0
2022-08-07,127.35,0.0
2022-08-08,125.89,0.0
2022-08-09,117.14,0.0
2022-08-10,125.00,0.0
2022-08-11,123.88,0.0
2022-08-12,128.11,0.0
2022-08-13,126.49,0.0
2022-08-14,130.98,0.0
2022-08-15,129.00,0.0
2022-08-16,127.05,0.0
2022-08-17,127.05,0.0
2022-08-18,125.08,0.0
2022-08-19,125.24,0.0
2022-08-20,126.28,0.0
2022-08-21,127.78,0.0
2022-08-22,127.93,0.0
2022-08-23,126.13,0.0
2022-08-24,124.34,0.0
2022-08-25,121.25,0.0
2022-08-26,121.13,0.0
2022-08-27,122.91,0.0
2022-08-28,126.87,0.0
2022-08-29,128.56,0.0
2022-08-30,129.01,0.0
2022-08-31,128.27,0.0
2022-09-01,125.32,0.0
2022-09-02,122.85,0.0
2022-09-03,126.86,0.0
2022-09-04,129.61,0.0
2022-09-05,128.63,0.0
2022-09-06,129.40,0.0
2022-09-07,128.80,0.0
2022-09-08,126.13,0.0
2022-09-09,124.12,0.0
2022-09-10,129.76,0.0
2022-09-11,128.72,0.0
2022-09-12,127.87,0.0
2022-09-13,125.42,0.0
2022-09-14,123.93,0.0
2022-09-15,126.98,0.0
2022-09-16,125.63,0.0
2022-09-17,134.96,0.0
2022-09-18,135.67,0.0
2022-09-19,131.43,0.0
2022-09-20,132.85,0.0
2022-09-21,128.27,0.0
2022-09-22,129.06,0.0
2022-09-23,127.63,0.0
2022-09-24,134.40,0.0
2022-09-25,134.08,0.0
2022-09-26,134.54,0.0
2022-09-27,134.55,0.0
2022-09-28,134.46,0.0
2022-09-29,132.37,0.0
2022-09-30,132.32,0.0
2022-10-01,134.90,0.0
2022-10-02,137.05,0.0
2022-10-03,136.10,0.0
2022-10-04,131.78,0.0
2022-10-05,134.49,0.0
2022-10-06,135.91,0.0
2022-10-07,133.37,0.0
2022-10-08,135.96,0.0
2022-10-09,138.61,0.0
2022-10-10,137.81,0.0
2022-10-11,142.28,0.0
2022-10-12,142.43,0.0
2022-10-13,142.35,0.0
2022-10-14,138.72,0.0
2022-10-15,141.13,0.0
2022-10-16,146.08,0.0
2022-10-17,147.36,0.0
2022-10-18,143.49,0.0
2022-10-19,145.30,0.0
2022-10-20,143.76,0.0
2022-10-21,143.95,0.0
2022-10-22,120.43,0.0
2022-10-23,140.55,0.0
2022-10-24,138.89,0.0
2022-10-25,140.06,0.0
2022-10-26,131.48,0.0
2022-10-27,132.71,0.0
2022-10-28,130.51,0.0
2022-10-29,130.12,0.0
2022-10-30,131.00,0.0
2022-10-31,131.02,0.0
2022-11-01,131.05,0.0
2022-11-02,127.67,0.0
2022-11-03,128.92,0.0
2022-11-04,130.10,0.0
2022-11-05,133.35,0.0
2022-11-06,134.06,0.0
2022-11-07,133.73,0.0
2022-11-08,131.93,0.0
2022-11-09,131.38,0.0
2022-11-10,130.62,0.0
2022-11-11,130.63,0.0
2022-11-12,131.30,0.0
2022-11-13,131.44,0.0
2022-11-14,129.42,0.0
2022-11-15,128.05,0.0
2022-11-16,128.49,0.0
2022-11-17,128.00,0.0
2022-11-18,128.18,0.0
2022-11-19,120.98,0.0
2022-11-20,118.99,0.0
2022-11-21,119.61,0.0
2022-11-22,121.59,0.0
2022-11-23,121.03,0.0
2022-11-24,114.59,0.0
2022-11-25,109.16,0.0
2022-11-26,109.01,0.0
2022-11-27,108.02,0.0
2022-11-28,106.05,0.0
2022-11-29,106.69,0.0
2022-11-30,106.90,0.0
2022-12-01,106.83,0.0
2022-12-02,110.03,0.0
2022-12-03,114.01,0.0
2022-12-04,114.78,0.0
2022-12-05,116.56,0.0
2022-12-06,111.65,0.0
2022-12-07,113.62,0.0
2022-12-08,114.40,0.0
2022-12-09,115.80,0.0
2022-12-10,115.50,0.0
2022-12-11,115.85,0.0
2022-12-12,115.22,0.0
2022-12-13,117.19,0.0
2022-12-14,117.13,0.0
2022-12-15,116.39,0.0
2022-12-16,116.46,0.0
2022-12-17,114.91,0.0
2022-12-18,114.95,0.0
2022-12-19,115.88,0.0
2022-12-20,115.62,0.0
2022-12-21,115.23,0.0
2022-12-22,115.36,0.0
2022-12-23,114.82,0.0
2022-12-24,117.62,0.0
2022-12-25,119.00,0.0
2022-12-26,116.74,0.0
2022-12-27,118.25,0.0
2022-12-28,121.15,0.0
2022-12-29,121.05,0.0
2022-12-30,123.08,0.0
2022-12-31,121.02,0.0
2023-01-01,121.20,0.0
2023-01-02,122.11,0.0
2023-01-03,123.47,0.0
2023-01-04,123.27,0.0
2023-01-05,123.56,0.0
2023-01-06,123.39,0.0
2023-01-07,123.66,0.0
2023-01-08,123.57,0.0
2023-01-09,123.32,0.0
2023-01-10,123.26,0.0
2023-01-11,123.22,0.0
2023-01-12,124.87,0.0
2023-01-13,128.08,0.0
2023-01-14,124.77,0.0
2023-01-15,125.74,0.0
2023-01-16,130.31,0.0
2023-01-17,130.44,0.0
2023-01-18,128.40,0.0
2023-01-19,130.81,0.0
2023-01-20,132.38,0.0
2023-01-21,132.65,0.0
2023-01-22,131.06,0.0
2023-01-23,133.29,0.0
2023-01-24,134.85,0.0
2023-01-25,135.13,0.0
2023-01-26,133.86,0.0
2023-01-27,134.75,0.0
2023-01-28,136.05,0.0
2023-01-29,139.06,0.0
2023-01-30,135.87,0.0
2023-01-31,135.87,0.0
2023-02-01,136.36,0.0
2023-02-02,136.76,0.0
2023-02-03,140.61,0.0
2023-02-04,141.02,0.0
2023-02-05,145.46,0.0
2023-02-06,144.43,0.0
2023-02-07,142.56,0.0
2023-02-08,142.86,0.0
2023-02-09,148.29,0.0
2023-02-10,148.64,0.0
2023-02-11,147.94,0.0
2023-02-12,150.66,0.0
2023-02-13,150.58,0.0
2023-02-14,148.59,0.0
2023-02-15,149.20,0.0
2023-02-16,149.48,0.0
2023-02-17,159.79,0.0
2023-02-18,156.76,0.0
2023-02-19,155.92,0.0
2023-02-20,158.22,0.0
2023-02-21,166.89,0.0
2023-02-22,162.44,0.0
2023-02-23,164.88,0.0
2023-02-24,165.15,0.0
2023-02-25,165.12,0.0
2023-02-26,163.83,0.0
2023-02-27,162.24,0.0
2023-02-28,163.23,0.0
2023-03-01,161.51,0.0
2023-03-02,162.14,0.0
2023-03-03,160.14,0.0
2023-03-04,161.47,0.0
2023-03-05,174.32,0.0
2023-03-06,171.29,0.0
2023-03-07,170.36,0.0
2023-03-08,169.80,0.0
2023-03-09,170.15,0.0
2023-03-10,172.53,0.0
2023-03-11,177.66,0.0
2023-03-12,178.87,0.0
2023-03-13,180.53,0.0
2023-03-14,180.82,0.0
2023-03-15,180.71,0.0
2023-03-16,185.39,0.0
2023-03-17,185.60,0.0
2023-03-18,186.05,0.0
2023-03-19,187.14,0.0
2023-03-20,185.58,0.0
2023-03-21,186.29,0.0
2023-03-22,179.39,0.0
2023-03-23,180.64,0.0
2023-03-24,195.42,0.0
2023-03-25,202.53,0.0
2023-03-26,194.04,0.0
2023-03-27,230.30,0.0
2023-03-28,211.92,0.0
2023-03-29,209.58,0.0
2023-03-30,238.60,0.0
2023-03-31,242.01,0.0
2023-04-01,243.79,0.0
2023-04-02,287.37,0.0
2023-04-03,276.54,0.0
2023-04-04,276.55,0.0
2023-04-05,278.34,0.0
2023-04-06,281.06,0.0
2023-04-07,295.25,0.0
2023-04-08,297.21,0.0
2023-04-09,298.32,0.0
2023-04-10,333.29,0.0
2023-04-11,322.20,0.0
2023-04-12,323.85,0.0
2023-04-13,323.41,0.0
2023-04-14,324.68,0.0
2023-04-15,346.10,0.0
2023-04-16,351.14,0.0
2023-04-17,344.92,0.0
2023-04-18,412.27,0.0
2023-04-19,359.92,0.0
2023-04-20,407.10,0.0
2023-04-21,402.36,0.0
2023-04-22,371.16,0.0
2023-04-23,400.74,0.0
2023-04-24,400.67,0.0
2023-04-25,382.83,0.0
2023-04-26,315.03,0.0
2023-04-27,290.88,0.0
2023-04-28,304.42,0.0
2023-04-29,306.36,0.0
2023-04-30,310.06,0.0
2023-05-01,326.39,0.0
2023-05-02,316.85,0.0
2023-05-03,308.29,0.0
2023-05-04,312.20,0.0
2023-05-05,315.80,0.0
2023-05-06,305.11,0.0
2023-05-07,303.68,0.0
2023-05-08,298.39,0.0
2023-05-09,286.26,0.0
2023-05-10,276.20,0.0
2023-05-11,276.32,0.0
2023-05-12,284.22,0.0
2023-05-13,288.05,0.0
2023-05-14,288.00,0.0
2023-05-15,299.05,0.0
2023-05-16,296.18,0.0
2023-05-17,294.24,0.0
2023-05-18,295.37,0.0
2023-05-19,297.81,0.0
2023-05-20,300.01,0.0
2023-05-21,298.14,0.0
2023-05-22,296.76,0.0
2023-05-23,297.96,0.0
2023-05-24,292.34,0.0
2023-05-25,294.77,0.0
2023-05-26,294.65,0.0
2023-05-27,299.10,0.0
2023-05-28,302.18,0.0
2023-05-29,297.80,0.0
2023-05-30,298.25,0.0
2023-05-31,317.29,0.0
2023-06-01,313.82,0.0
2023-06-02,319.70,0.0
2023-06-03,327.78,0.0
2023-06-04,324.31,0.0
2023-06-05,330.46,0.0
2023-06-06,337.14,0.0
2023-06-07,337.19,0.0
2023-06-08,337.15,0.0
2023-06-09,340.58,0.0
2023-06-10,341.38,0.0
2023-06-11,340.31,0.0
2023-06-12,345.34,0.0
2023-06-13,354.01,0.0
2023-06-14,344.84,0.0
2023-06-15,347.42,0.0
2023-06-16,351.71,0.0
2023-06-17,353.66,0.0
2023-06-18,350.73,0.0
2023-06-19,346.17,0.0
2023-06-20,346.01,0.0
2023-06-21,335.88,0.0
2023-06-22,340.06,0.0
2023-06-23,333.44,0.0
2023-06-24,330.31,0.0
2023-06-25,326.56,0.0
2023-06-26,323.62,0.0
2023-06-27,325.16,0.0
2023-06-28,322.77,0.0
2023-06-29,322.60,0.0
2023-06-30,310.62,0.0
2023-07-01,300.60,0.0
2023-07-02,305.28,0.0
2023-07-03,305.28,0.0
2023-07-04,295.08,0.0
2023-07-05,290.61,0.0
2023-07-06,288.16,0.0
2023-07-07,288.98,0.0
2023-07-08,286.19,0.0
2023-07-09,289.77,0.0
2023-07-10,283.06,0.0
2023-07-11,280.29,0.0
2023-07-12,280.60,0.0
2023-07-13,280.27,0.0
2023-07-14,275.27,0.0
2023-07-15,276.45,0.0
2023-07-16,276.21,0.0
2023-07-17,273.66,0.0
2023-07-18,297.70,0.0
2023-07-19,288.13,0.0
2023-07-20,285.50,0.0
2023-07-21,292.68,0.0
2023-07-22,296.90,0.0
2023-07-23,300.69,0.0
2023-07-24,309.24,0.0
2023-07-25,308.74,0.0
2023-07-26,309.24,0.0
2023-07-27,311.53,0.0
2023-07-28,317.76,0.0
2023-07-29,319.09,0.0
2023-07-30,313.33,0.0
2023-07-31,313.47,0.0
2023-08-01,319.03,0.0
2023-08-02,326.14,0.0
2023-08-03,322.63,0.0
2023-08-04,323.40,0.0
2023-08-05,325.38,0.0
2023-08-06,324.18,0.0
2023-08-07,322.57,0.0
2023-08-08,321.14,0.0
2023-08-09,315.21,0.0
2023-08-10,314.25,0.0
2023-08-11,312.45,0.0
2023-08-12,314.47,0.0
2023-08-13,310.35,0.0
2023-08-14,307.13,0.0
2023-08-15,312.51,0.0
2023-08-16,307.64,0.0
2023-08-17,308.30,0.0
2023-08-18,309.21,0.0
2023-08-19,312.52,0.0
2023-08-20,312.47,0.0
2023-08-21,309.44,0.0
2023-08-22,305.39,0.0
2023-08-23,307.51,0.0
2023-08-24,301.31,0.0
2023-08-25,306.49,0.0
2023-08-26,305.22,0.0
2023-08-27,305.36,0.0
2023-08-28,310.90,0.0
2023-08-29,304.24,0.0
2023-08-30,304.27,0.0
2023-08-31,299.89,0.0
2023-09-01,301.12,0.0
2023-09-02,302.49,0.0
2023-09-03,304.17,0.0
2023-09-04,307.34,0.0
2023-09-05,312.43,0.0
2023-09-06,308.71,0.0
2023-09-07,311.25,0.0
2023-09-08,317.20,0.0
2023-09-09,318.93,0.0
2023-09-10,324.41,0.0
2023-09-11,318.97,0.0
2023-09-12,318.56,0.0
2023-09-13,326.35,0.0
2023-09-14,324.08,0.0
2023-09-15,323.20,0.0
2023-09-16,331.10,0.0
2023-09-17,331.01,0.0
2023-09-18,329.95,0.0
2023-09-19,331.45,0.0
2023-09-20,331.63,0.0
2023-09-21,334.64,0.0
2023-09-22,331.92,0.0
2023-09-23,332.26,0.0
2023-09-24,335.54,0.0
2023-09-25,337.04,0.0
2023-09-26,333.50,0.0
2023-09-27,338.45,0.0
2023-09-28,335.05,0.0
2023-09-29,361.75,0.0
2023-09-30,356.81,0.0
2023-10-01,351.24,0.0
2023-10-02,365.44,0.0
2023-10-03,367.90,0.0
2023-10-04,370.51,0.0
2023-10-05,373.41,0.0
2023-10-06,370.27,0.0
2023-10-07,377.95,0.0
2023-10-08,367.78,0.0
2023-10-09,368.79,0.0
2023-10-10,376.24,0.0
2023-10-11,380.59,0.0
2023-10-12,374.43,0.0
2023-10-13,374.79,0.0
2023-10-14,383.23,0.0
2023-10-15,383.48,0.0
2023-10-16,377.16,0.0
2023-10-17,382.76,0.0
2023-10-18,378.65,0.0
2023-10-19,378.85,0.0
2023-10-20,378.37,0.0
2023-10-21,375.49,0.0
2023-10-22,372.10,0.0
2023-10-23,375.19,0.0
2023-10-24,371.93,0.0
2023-10-25,371.64,0.0
2023-10-26,366.41,0.0
2023-10-27,365.55,0.0
2023-10-28,364.95,0.0
2023-10-29,362.77,0.0
2023-10-30,359.23,0.0
2023-10-31,356.43,0.0
2023-11-01,353.72,0.0
2023-11-02,350.21,0.0
2023-11-03,348.84,0.0
2023-11-04,346.69,0.0
2023-11-05,341.47,0.0
2023-11-06,300.19,0.0
2023-11-07,281.97,0.0
2023-11-08,284.38,0.0
2023-11-09,282.42,0.0
2023-11-10,282.22,0.0
2023-11-11,283.78,0.0
2023-11-12,284.12,0.0
2023-11-13,285.95,0.0
2023-11-14,286.22,0.0
2023-11-15,287.62,0.0
2023-11-16,288.22,0.0
2023-11-17,289.53,0.0
2023-11-18,290.97,0.0
2023-11-19,291.22,0.0
2023-11-20,292.22,0.0
2023-11-21,293.22,0.0
2023-11-22,294.22,0.0
2023-11-23,300.63,0.0
2023-11-24,305.52,0.0
2023-11-25,310.00,0.0
2023-11-26,317.09,0.0
2023-11-27,284.37,0.0
2023-11-28,286.97,0.0
2023-11-29,286.97,0.0
2023-11-30,286.97,0.0
2023-12-01,286.97,0.0
2023-12-02,276.72,0.0
2023-12-03,275.01,0.0
2023-12-04,292.57,0.0
2023-12-05,307.27,0.0
2023-12-06,305.41,0.0
2023-12-07,300.92,0.0
2023-12-08,308.23,0.0
2023-12-09,309.77,0.0
2023-12-10,307.83,0.0
2023-12-11,305.40,0.0
2023-12-12,302.25,0.0
2023-12-13,308.61,0.0
2023-12-14,304.32,0.0
2023-12-15,303.91,0.0
2023-12-16,303.95,0.0
2023-12-17,304.05,0.0
2023-12-18,302.68,0.0
2023-12-19,300.49,0.0
2023-12-20,302.47,0.0
2023-12-21,298.15,0.0
2023-12-22,299.90,0.0
2023-12-23,293.58,0.0
2023-12-24,294.58,0.0
2023-12-25,289.23,0.0
2023-12-26,287.33,0.0
2023-12-27,285.62,0.0
2023-12-28,281.64,0.0
2023-12-29,281.82,0.0
2023-12-30,280.32,0.0
2023-12-31,278.95,0.0
2024-01-01,279.81,0.0
2024-01-02,279.53,0.0
2024-01-03,279.29,0.0
2024-01-04,277.97,0.0
2024-01-05,280.53,0.0
2024-01-06,283.56,0.0
2024-01-07,283.63,0.0
2024-01-08,282.69,0.0
2024-01-09,282.09,0.0
2024-01-10,275.60,0.0
2024-01-11,275.59,0.0
2024-01-12,277.54,0.0
2024-01-13,279.57,0.0
2024-01-14,284.05,0.0
2024-01-15,289.75,0.0
2024-01-16,279.70,0.0
2024-01-17,279.09,0.0
2024-01-18,282.28,0.0
2024-01-19,280.92,0.0
2024-01-20,276.25,0.0
2024-01-21,272.51,0.0
2024-01-22,269.54,0.0
2024-01-23,262.26,0.0
2024-01-24,270.73,0.0
2024-01-25,257.46,0.0
2024-01-26,257.38,0.0
2024-01-27,255.52,0.0
2024-01-28,251.06,0.0
2024-01-29,249.93,0.0
2024-01-30,246.60,0.0
2024-01-31,245.11,0.0
2024-02-01,243.33,0.0
2024-02-02,245.52,0.0
2024-02-03,250.01,0.0
2024-02-04,257.77,0.0
2024-02-05,246.46,0.0
2024-02-06,262.26,0.0
2024-02-07,260.66,0.0
2024-02-08,254.70,0.0
2024-02-09,249.47,0.0
2024-02-10,250.99,0.0
2024-02-11,251.21,0.0
2024-02-12,252.11,0.0
2024-02-13,260.06,0.0
2024-02-14,260.86,0.0
2024-02-15,256.59,0.0
2024-02-16,261.09,0.0
2024-02-17,262.43,0.0
2024-02-18,266.98,0.0
2024-02-19,264.37,0.0
2024-02-20,263.32,0.0
2024-02-21,264.00,0.0
2024-02-22,258.11,0.0
2024-02-23,258.74,0.0
2024-02-24,258.52,0.0
2024-02-25,260.68,0.0
2024-02-26,258.12,0.0
2024-02-27,254.84,0.0
2024-02-28,255.11,0.0
2024-02-29,258.74,0.0
2024-03-01,258.69,0.0
2024-03-02,258.65,0.0
2024-03-03,258.60,0.0
2024-03-04,266.88,0.0
2024-03-05,272.65,0.0
2024-03-06,271.42,0.0
2024-03-07,281.70,0.0
2024-03-08,281.80,0.0
2024-03-09,278.77,0.0
2024-03-10,279.66,0.0
2024-03-11,278.82,0.0
2024-03-12,282.94,0.0
2024-03-13,277.34,0.0
2024-03-14,271.05,0.0
2024-03-15,264.23,0.0
2024-03-16,257.57,0.0
2024-03-17,257.14,0.0
2024-03-18,260.43,0.0
2024-03-19,266.79,0.0
2024-03-20,263.30,0.0
2024-03-21,262.45,0.0
2024-03-22,260.56,0.0
2024-03-23,258.21,0.0
2024-03-24,257.00,0.0
2024-03-25,257.65,0.0
2024-03-26,270.15,0.0
2024-03-27,270.03,0.0
2024-03-28,267.33,0.0
2024-03-29,265.79,0.0
2024-03-30,275.75,0.0
2024-03-31,286.56,0.0
2024-04-01,284.85,0.0
2024-04-02,282.75,0.0
2024-04-03,281.80,0.0
2024-04-04,283.75,0.0
2024-04-05,287.30,0.0
2024-04-06,288.98,0.0
2024-04-07,269.85,0.0
2024-04-08,268.97,0.0
2024-04-09,268.97,0.0
2024-04-10,267.93,0.0
2024-04-11,269.69,0.0
2024-04-12,307.08,0.0
2024-04-13,307.30,0.0
2024-04-14,307.53,0.0
2024-04-15,306.64,0.0
2024-04-16,306.72,0.0
2024-04-17,306.83,0.0
2024-04-18,313.42,0.0
2024-04-19,314.41,0.0
2024-04-20,314.74,0.0
2024-04-21,314.08,0.0
2024-04-22,311.44,0.0
2024-04-23,311.82,0.0
2024-04-24,309.63,0.0
2024-04-25,308.51,0.0
2024-04-26,309.53,0.0
2024-04-27,310.15,0.0
2024-04-28,310.21,0.0
2024-04-29,305.35,0.0
2024-04-30,303.38,0.0
2024-05-01,303.82,0.0
2024-05-02,304.20,0.0
2024-05-03,306.88,0.0
2024-05-04,311.82,0.0
2024-05-05,309.62,0.0
2024-05-06,312.33,0.0
2024-05-07,309.74,0.0
2024-05-08,308.80,0.0
2024-05-09,309.97,0.0
2024-05-10,310.43,0.0
2024-05-11,312.01,0.0
2024-05-12,313.69,0.0
2024-05-13,317.88,0.0
2024-05-14,313.83,0.0
2024-05-15,313.91,0.0
2024-05-16,314.88,0.0
2024-05-17,315.12,0.0
2024-05-18,316.84,0.0
2024-05-19,317.63,0.0
2024-05-20,313.21,0.0
2024-05-21,311.72,0.0
2024-05-22,312.01,0.0
2024-05-23,313.14,0.0
2024-05-24,313.22,0.0
2024-05-25,311.56,0.0
2024-05-26,311.50,0.0
2024-05-27,309.66,0.0
2024-05-28,311.03,0.0
2024-05-29,313.58,0.0
2024-05-30,297.77,0.0
2024-05-31,306.65,0.0
2024-06-01,306.54,0.0
2024-06-02,310.17,0.0
2024-06-03,320.58,0.0
2024-06-04,320.58,0.0
2024-06-05,322.12,0.0
2024-06-06,323.01,0.0
2024-06-07,323.39,0.0
2024-06-08,326.23,0.0
2024-06-09,325.83,0.0
2024-06-10,326.66,0.0
2024-06-11,325.50,0.0
2024-06-12,324.78,0.0
2024-06-13,324.06,0.0
2024-06-14,323.09,0.0
2024-06-15,325.03,0.0
2024-06-16,326.93,0.0
2024-06-17,329.41,0.0
2024-06-18,322.15,0.0
2024-06-19,318.40,0.0
2024-06-20,316.48,0.0
2024-06-21,312.54,0.0
2024-06-22,308.48,0.0
2024-06-23,313.16,0.0
2024-06-24,309.39,0.0
2024-06-25,307.70,0.0
2024-06-26,310.30,0.0
2024-06-27,309.72,0.0
2024-06-28,308.69,0.0
2024-06-29,306.90,0.0
2024-06-30,304.75,0.0
2024-07-01,303.12,0.0
2024-07-02,302.72,0.0
2024-07-03,302.07,0.0
2024-07-04,302.67,0.0
2024-07-05,303.27,0.0
2024-07-06,303.87,0.0
2024-07-07,304.47,0.0
2024-07-08,305.47,0.0
2024-07-09,306.07,0.0
2024-07-10,305.67,0.0
2024-07-11,304.67,0.0
2024-07-12,303.67,0.0
2024-07-13,303.00,0.0
2024-07-14,302.57,0.0
2024-07-15,302.02,0.0
2024-07-16,303.02,0.0
2024-07-17,304.02,0.0
2024-07-18,305.02,0.0
2024-07-19,306.02,0.0
2024-07-20,307.02,0.0
2024-07-21,307.02,0.0
2024-07-22,307.02,0.0
2024-07-23,307.21,0.0
2024-07-24,308.21,0.0
2024-07-25,309.21,0.0
2024-07-26,309.21,0.0
2024-07-27,309.21,0.0
2024-07-28,308.98,0.0
2024-07-29,314.38,0.0
2024-07-30,316.79,0.0
2024-07-31,316.75,0.0
2024-08-01,318.93,0.0
2024-08-02,323.93,0.0
2024-08-03,325.93,0.0
2024-08-04,326.93,0.0
2024-08-05,328.49,0.0
2024-08-06,328.29,0.0
2024-08-07,328.09,0.0
2024-08-08,327.80,0.0
2024-08-09,327.60,0.0
2024-08-10,327.40,0.0
2024-08-11,327.20,0.0
2024-08-12,327.00,0.0
2024-08-13,326.95,0.0
2024-08-14,326.90,0.0
2024-08-15,326.40,0.0
2024-08-16,325.90,0.0
2024-08-17,325.30,0.0
2024-08-18,324.90,0.0
2024-08-19,324.74,0.0
2024-08-20,318.74,0.0
2024-08-21,314.74,0.0
2024-08-22,312.60,0.0
2024-08-23,311.60,0.0
2024-08-24,310.60,0.0
2024-08-25,309.87,0.0
2024-08-26,310.87,0.0
2024-08-27,311.61,0.0
2024-08-28,314.61,0.0
2024-08-29,317.61,0.0
2024-08-30,320.61,0.0
2024-08-31,323.61,0.0
2024-09-01,326.61,0.0
2024-09-02,327.21,0.0
2024-09-03,326.21,0.0
2024-09-04,325.70,0.0
2024-09-05,325.31,0.0
2024-09-06,325.71,0.0
2024-09-07,326.11,0.0
2024-09-08,326.51,0.0
2024-09-09,326.91,0.0
2024-09-10,327.31,0.0
2024-09-11,327.71,0.0
2024-09-12,328.11,0.0
2024-09-13,328.51,0.0
2024-09-14,328.91,0.0
2024-09-15,329.31,0.0
2024-09-16,329.71,0.0
2024-09-17,330.11,0.0
2024-09-18,330.51,0.0
2024-09-19,330.91,0.0
2024-09-20,331.31,0.0
2024-09-21,331.71,0.0
2024-09-22,332.11,0.0
2024-09-23,332.51,0.0
2024-09-24,332.55,0.0
2024-09-25,333.55,0.0
2024-09-26,334.55,0.0
2024-09-27,334.38,0.0
2024-09-28,334.38,0.0
2024-09-29,334.38,0.0
2024-09-30,334.38,0.0
2024-10-01,334.38,0.0
2024-10-02,334.83,0.0
2024-10-03,333.83,0.0
2024-10-04,332.83,0.0
2024-10-05,330.83,0.0
2024-10-06,328.83,0.0
2024-10-07,327.40,0.0
2024-10-08,330.21,0.0
2024-10-09,333.90,0.0
2024-10-10,336.63,0.0
2024-10-11,338.53,0.0
2024-10-12,338.03,0.0
2024-10-13,337.53,0.0
2024-10-14,337.00,0.0
2024-10-15,336.80,0.0
2024-10-16,337.80,0.0
2024-10-17,338.80,0.0
2024-10-18,338.11,0.0
2024-10-19,338.11,0.0
2024-10-20,338.11,0.0
2024-10-21,338.11,0.0
2024-10-22,338.11,0.0
2024-10-23,338.11,0.0
2024-10-24,338.11,0.0
2024-10-25,338.11,0.0
2024-10-26,338.11,0.0
2024-10-27,339.11,0.0
2024-10-28,339.75,0.0
2024-10-29,339.75,0.0
2024-10-30,339.75,0.0
2024-10-31,335.15,0.0
2024-11-01,337.00,0.0
2024-11-02,340.60,0.0
2024-11-03,340.39,0.0
2024-11-04,341.39,0.0
2024-11-05,342.39,0.0
2024-11-06,343.39,0.0
2024-11-07,344.39,0.0
2024-11-08,345.34,0.0
2024-11-09,347.34,0.0
2024-11-10,350.34,0.0
2024-11-11,352.67,0.0
2024-11-12,355.00,0.0
2024-11-13,357.02,0.0
2024-11-14,356.09,0.0
2024-11-15,357.09,0.0
2024-11-16,358.09,0.0
2024-11-17,358.74,0.0
2024-11-18,358.74,0.0
2024-11-19,358.74,0.0
2024-11-20,358.74,0.0
2024-11-21,358.74,0.0
2024-11-22,359.50,0.0
2024-11-23,363.07,0.0
2024-11-24,361.93,0.0
2024-11-25,361.07,0.0
2024-11-26,360.07,0.0
2024-11-27,359.07,0.0
2024-11-28,358.72,0.0
2024-11-29,347.33,0.0
2024-11-30,349.62,0.0
2024-12-01,356.82,0.0
2024-12-02,355.17,0.0
2024-12-03,354.29,0.0
2024-12-04,353.29,0.0
2024-12-05,354.00,0.0
2024-12-06,356.87,0.0
2024-12-07,359.87,0.0
2024-12-08,361.76,0.0
2024-12-09,362.89,0.0
2024-12-10,364.89,0.0
2024-12-11,364.60,0.0
2024-12-12,364.60,0.0
2024-12-13,364.70,0.0
2024-12-14,364.90,0.0
2024-12-15,365.14,0.0
2024-12-16,368.76,0.0
2024-12-17,367.76,0.0
2024-12-18,368.96,0.0
2024-12-19,370.87,0.0
2024-12-20,370.00,0.0
2024-12-21,369.34,0.0
2024-12-22,370.24,0.0
2024-12-23,375.24,0.0
2024-12-24,380.24,0.0
2024-12-25,390.24,0.0
2024-12-26,395.22,0.0
2024-12-27,397.22,0.0
2024-12-28,400.75,0.0
2024-12-29,404.04,0.0
2024-12-30,406.48,0.0
2024-12-31,412.06,0.0
2025-01-01,418.61,0.0
2025-01-02,425.68,0.0
2025-01-03,428.68,0.0
2025-01-04,429.53,0.0
2025-01-05,435.58,0.0
2025-01-06,443.22,0.0
2025-01-07,450.22,0.0
2025-01-08,456.00,0.0
2025-01-09,456.06,0.0
2025-01-10,444.35,0.0
2025-01-11,445.81,0.0
2025-01-12,446.43,0.0
2025-01-13,448.74,0.0
2025-01-14,446.06,0.0
2025-01-15,433.63,0.0
2025-01-16,431.28,0.0
2025-01-17,430.57,0.0
2025-01-18,433.68,0.0
2025-01-19,433.07,0.0
2025-01-20,433.58,0.0
2025-01-21,437.45,0.0
2025-01-22,437.08,0.0
2025-01-23,436.80,0.0
2025-01-24,437.67,0.0
2025-01-25,441.42,0.0
2025-01-26,445.50,0.0
2025-01-27,440.73,0.0
2025-01-28,448.44,0.0
2025-01-29,452.21,0.0
2025-01-30,450.11,0.0
2025-01-31,450.57,0.0
2025-02-01,459.27,0.0
2025-02-02,462.23,0.0
2025-02-03,471.41,0.0
2025-02-04,470.58,0.0
2025-02-05,465.16,0.0
2025-02-06,473.29,0.0
2025-02-07,476.84,0.0
2025-02-08,477.89,0.0
2025-02-09,484.81,0.0
2025-02-10,481.23,0.0
2025-02-11,478.03,0.0
2025-02-12,478.58,0.0
2025-02-13,478.87,0.0
2025-02-14,476.75,0.0
2025-02-15,482.99,0.0
2025-02-16,491.57,0.0
2025-02-17,501.79,0.0
2025-02-18,507.24,0.0
2025-02-19,507.13,0.0
2025-02-20,518.68,0.0
2025-02-21,527.34,0.0
2025-02-22,535.95,0.0
2025-02-23,547.73,0.0
2025-02-24,548.12,0.0
2025-02-25,533.96,0.0
2025-02-26,532.44,0.0
2025-02-27,528.91,0.0
2025-02-28,524.35,0.0
2025-03-01,530.67,0.0
2025-03-02,534.05,0.0
2025-03-03,535.01,0.0
2025-03-04,533.10,0.0
2025-03-05,520.54,0.0
2025-03-06,514.57,0.0
2025-03-07,516.96,0.0
2025-03-08,521.02,0.0
2025-03-09,519.96,0.0
2025-03-10,514.56,0.0
2025-03-11,510.05,0.0
2025-03-12,503.00,0.0
2025-03-13,503.00,0.0
2025-03-14,499.25,0.0
2025-03-15,497.55,0.0
2025-03-16,485.21,0.0
2025-03-17,484.23,0.0
2025-03-18,481.70,0.0
2025-03-19,483.61,0.0
2025-03-20,481.57,0.0
2025-03-21,477.46,0.0
2025-03-22,479.14,0.0
2025-03-23,484.71,0.0
2025-03-24,480.93,0.0
2025-03-25,485.42,0.0
2025-03-26,490.22,0.0
2025-03-27,490.07,0.0
2025-03-28,492.85,0.0
2025-03-29,496.31,0.0
2025-03-30,497.40,0.0
2025-03-31,503.05,0.0
2025-04-01,498.32,0.0
2025-04-02,486.91,0.0
2025-04-03,483.32,0.0
2025-04-04,481.72,0.0
2025-04-05,489.62,0.0
2025-04-06,498.04,0.0
2025-04-07,494.62,0.0
2025-04-08,493.75,0.0
2025-04-09,483.17,0.0
2025-04-10,473.95,0.0
2025-04-11,470.41,0.0
2025-04-12,459.99,0.0
2025-04-13,464.12,0.0
2025-04-14,468.55,0.0
2025-04-15,467.71,0.0
2025-04-16,470.33,0.0
2025-04-17,471.56,0.0
2025-04-18,468.82,0.0
2025-04-19,471.61,0.0
2025-04-20,469.37,0.0
2025-04-21,468.31,0.0
2025-04-22,463.65,0.0
2025-04-23,458.60,0.0
2025-04-24,459.60,0.0
2025-04-25,460.90,0.0
2025-04-26,472.84,0.0
2025-04-27,485.25,0.0
2025-04-28,497.59,0.0
2025-04-29,505.17,0.0
2025-04-30,505.17,0.0
2025-05-01,557.40,0.0
2025-05-02,568.35,0.0
2025-05-03,594.31,0.0
2025-05-04,619.72,0.0
2025-05-05,714.26,0.0
2025-05-06,666.14,0.0
2025-05-07,704.76,0.0
2025-05-08,642.14,0.0
2025-05-09,594.92,0.0
2025-05-10,584.92,0.0
2025-05-11,574.92,0.0
2025-05-12,564.92,0.0
2025-05-13,554.58,0.0
2025-05-14,542.15,0.0
2025-05-15,538.50,0.0
2025-05-16,540.59,0.0
2025-05-17,558.96,0.0
2025-05-18,570.95,0.0
2025-05-19,566.71,0.0
2025-05-20,578.13,0.0
2025-05-21,581.34,0.0
2025-05-22,579.68,0.0
2025-05-23,578.28,0.0
2025-05-24,578.84,0.0
2025-05-25,579.39,0.0
2025-05-26,573.33,0.0
2025-05-27,579.92,0.0
2025-05-28,581.26,0.0
2025-05-29,581.14,0.0
2025-05-30,678.76,0.0
2025-05-31,657.88,0.0
2025-06-01,662.22,0.0
2025-06-02,658.34,0.0
2025-06-03,672.36,0.0
2025-06-04,673.04,0.0
2025-06-05,654.33,0.0
2025-06-06,656.94,0.0
2025-06-07,655.66,0.0
2025-06-08,654.10,0.0
2025-06-09,652.45,0.0
2025-06-10,654.78,0.0
2025-06-11,657.23,0.0
2025-06-12,657.23,0.0
2025-06-13,646.54,0.0
2025-06-14,656.15,0.0
2025-06-15,650.48,0.0
2025-06-16,649.16,0.0
2025-06-17,638.17,0.0
2025-06-18,638.70,0.0
2025-06-19,638.74,0.0
2025-06-20,647.51,0.0
2025-06-21,645.75,0.0
2025-06-22,647.01,0.0
2025-06-23,643.32,0.0
2025-06-24,640.71,0.0
2025-06-25,643.61,0.0
2025-06-26,637.47,0.0
2025-06-27,653.12,0.0
2025-06-28,654.55,0.0
2025-06-29,663.12,0.0
2025-06-30,668.75,0.0
2025-07-01,680.81,0.0
2025-07-02,684.39,0.0
2025-07-03,701.03,0.0
2025-07-04,692.86,0.0
2025-07-05,689.67,0.0
2025-07-06,688.73,0.0
2025-07-07,685.39,0.0
2025-07-08,680.85,0.0
2025-07-09,682.98,0.0
2025-07-10,669.84,0.0
2025-07-11,669.41,0.0
2025-07-12,667.17,0.0
2025-07-13,663.74,0.0
2025-07-14,661.60,0.0
2025-07-15,664.55,0.0
2025-07-16,669.27,0.0
2025-07-17,676.13,0.0
2025-07-18,657.99,0.0
2025-07-19,670.36,0.0
2025-07-20,675.74,0.0
2025-07-21,665.29,0.0
2025-07-22,644.64,0.0
2025-07-23,633.74,0.0
2025-07-24,633.80,0.0
2025-07-25,633.88,0.0
2025-07-26,642.71,0.0
2025-07-27,645.72,0.0
2025-07-28,648.72,0.0
2025-07-29,652.47,0.0
2025-07-30,647.21,0.0
2025-07-31,653.01,0.0
2025-08-01,643.22,0.0
2025-08-02,643.22,0.0
2025-08-03,652.02,0.0
2025-08-04,652.11,0.0
2025-08-05,650.62,0.0
2025-08-06,634.16,0.0
2025-08-07,635.46,0.0
2025-08-08,636.21,0.0
2025-08-09,639.32,0.0
2025-08-10,640.73,0.0
2025-08-11,641.86,0.0
2025-08-12,647.16,0.0
2025-08-13,638.78,0.0
2025-08-14,608.67,0.0
2025-08-15,640.16,0.0
2025-08-16,645.44,0.0
2025-08-17,634.9,0.0
2025-08-18,624.64,0.0
2025-08-19,635.13,0.0
2025-08-20,633.14,0.0
2025-08-21,631.47,0.0
2025-08-22,603.35,611.2
2025-08-23,638.48,636.1
2025-08-24,616.97,647.1
2025-08-25,643.84,647.11
2025-08-26,625.46,626.58
2025-08-27,627.76,620.41
2025-08-28,613.45,629.58
2025-08-29,622.52,628.81
2025-08-30,620.72,626.35
2025-08-31,614.51,622.94
2025-09-01,616.08,622.29
2025-09-02,604.03,621.09
2025-09-03,599.76,606.18
2025-09-04,604.43,603.59
2025-09-05,609.48,608.02
2025-09-06,613.68,624.99
2025-09-07,616.99,618.09
2025-09-08,616.74,620.42
2025-09-09,613.93,619.46
2025-09-10,606.1,608.19
2025-09-11,604.98,599.8
2025-09-12,614.36,610.05
2025-09-13,597.92,602.4
2025-09-14,610.5,609.41
2025-09-15,595.03,602.25
2025-09-16,587.63,594.46
2025-09-17,567.18,576.95
2025-09-18,587.9,582.31
2025-09-19,569.11,580.84
2025-09-20,573.59,573.43
2025-09-21,583.25,594.34
2025-09-22,546.99,569.6
2025-09-23,566.18,566.87
2025-09-24,548.77,553.16
2025-09-25,538.8,541.08
2025-09-26,551.94,541.9
2025-09-27,559.0,564.05
2025-09-28,553.88,557.53
2025-09-29,527.67,542.19
2025-09-30,537.16,540.99
2025-10-01,518.09,545.1
2025-10-02,522.88,523.66
2025-10-03,537.34,546.02
2025-10-04,549.79,548.64
2025-10-05,530.84,528.31
2025-10-06,539.69,541.52
2025-10-07,544.32,551.57
2025-10-08,541.62,552.6
2025-10-09,541.92,557.67
2025-10-10,548.12,562.85
2025-10-11,560.93,564.34
2025-10-12,557.43,549.4
2025-10-13,550.73,549.96
2025-10-14,556.49,568.45
2025-10-15,562.03,560.32
2025-10-16,563.33,552.2
2025-10-17,572.31,571.26
2025-10-18,589.5,588.75
2025-10-19,559.78,583.88
2025-10-20,576.92,575.05
2025-10-21,576.97,590.76
2025-10-22,570.94,583.6
2025-10-23,546.5,565.17
2025-10-24,388.11,405.09
2025-10-25,454.46,445.36
2025-10-26,505.49,485.12
2025-10-27,484.26,487.84
2025-10-28,463.89,475.1
2025-10-29,441.64,445.31
2025-10-30,434.08,436.35
2025-10-31,502.08,502.09
2025-11-01,549.69,554.02
2025-11-02,564.92,569.77
2025-11-03,566.21,566.86
2025-11-04,577.73,576.31
2025-11-05,569.76,570.83
2025-11-06,580.18,576.68
2025-11-07,589.68,587.77
2025-11-08,587.95,588.36
2025-11-09,589.24,587.38
2025-11-10,558.29,568.04
2025-11-11,569.38,560.38
2025-11-12,560.78,563.31
2025-11-13,551.63,526.41
2025-11-14,550.41,545.22
2025-11-15,563.83,564.96
2025-11-16,540.07,557.44
2025-11-17,544.8,545.23
2025-11-18,538.86,542.15
2025-11-19,520.19,537.42
2025-11-20,527.22,532.06
2025-11-21,532.44,530.3
2025-11-22,531.27,537.84
2025-11-23,531.03,536.19
2025-11-24,507.45,516.12
2025-11-25,501.95,520.34
2025-11-26,491.75,511.08
2025-11-27,531.2,530.86
2025-11-28,534.33,538.84
2025-11-29,595.34,595.14
2025-11-30,581.79,585.32
2025-12-01,569.76,565.57
2025-12-02,589.19,595.36
2025-12-03,764.54,760.97
2025-12-04,719.59,711.66
2025-12-05,656.64,650.01
2025-12-06,654.86,662.26
2025-12-07,640.34,631.12
2025-12-08,618.48,624.14
2025-12-09,623.13,621.5
2025-12-10,625.14,617.27
2025-12-11,610.23,598.05
2025-12-12,572.12,598.02
2025-12-13,588.99,605.85
2025-12-14,597.29,599.14
2025-12-15,567.94,580.94
2025-12-16,560.61,559.58
2025-12-17,546.56,566.72
2025-12-18,579.59,584.13
2025-12-19,704.25,714.16
2025-12-20,647.67,654.62
2025-12-21,625.25,630.3
2025-12-22,606.23,618.95
2025-12-23,620.58,617.28
2025-12-24,631.37,626.4
2025-12-25,636.04,642.46
2025-12-26,637.86,647.63
2025-12-27,640.54,640.8
2025-12-28,635.51,630.16
2025-12-29,616.4,610.3
2025-12-30,621.41,615.65
2025-12-31,610.82,603.92
2026-01-01,610.87,631.16
2026-01-02,613.66,612.74
2026-01-03,616.5,610.15
2026-01-04,612.18,611.64
2026-01-05,603.42,611.46
2026-01-06,599.02,602.52
2026-01-07,605.37,604.54
2026-01-08,588.16,570.54
2026-01-09,608.35,637.33
2026-01-10,611.92,608.28
2026-01-11,604.82,571.31
2026-01-12,591.26,595.85
2026-01-13,592.77,592.73
2026-01-14,594.34,595.73
2026-01-15,591.04,598.13
2026-01-16,597.27,599.96
2026-01-17,605.26,599.29
2026-01-18,598.83,609.26
2026-01-19,597.73,604.5
2026-01-20,589.21,589.89
2026-01-21,570.49,595.14
2026-01-22,580.06,593.31
2026-01-23,591.37,599.45
2026-01-24,596.78,595.04
2026-01-25,588.9,600.06
2026-01-26,576.47,547.45
2026-01-27,574.3,569.22
2026-01-28,560.09,563.08
2026-01-29,565.72,574.28
2026-01-30,566.01,563.56
2026-01-31,570.83,578.41
2026-02-01,581.82,545.14
2026-02-02,573.17,567.9
2026-02-03,568.37,565.2
2026-02-04,567.67,574.14
2026-02-05,574.75,576.34
2026-02-06,574.06,579.86
